﻿{
  "choices": [
    {
      "level": "1", "choice": "As you enter the tomb, you see a crossroads ahead.  Given your studies, you know that the sarcophagus chamber lies to the east of the main entrance.  In addition, you know that these tombs tend to have many false passageways with traps for greedy graverobbers.", "firstChoice": "Take the eastern path", "firstChoiceGood": "good", "secondChoice": "Take the western path", "secondChoiceGood": "bad"
    },
    {
      "level": "2", "choice": "Beyond the entrance fork, you are not sure as to where to go.  You see yet another fork in the path.  This tomb is clearly a labyrinth.  To your right, you see nothing but darkness.  To your left, you hear some sort of undefinable sounds.  Animals, perhaps?", "firstChoice": "Go right", "firstChoiceGood": "good", "secondChoice": "Go left", "secondChoiceGood": "very bad"
    },
    {
      "level": "3", "choice": "The deeper you go, the darker it gets.  And yet, your eyes are slowly becoming accustomed to the darkness.  You hear in the darkness ominous sounds from both paths ahead.  Clearly whatever is down here is not happy to see you.", "firstChoice": "Go left", "firstChoiceGood": "very bad", "secondChoice": "Go right", "secondChoiceGood": "bad"
    },
    {
      "level": "4", "choice": "Alone and afraid, you realize that you have to continue forward.  You seem to have solved the labyrinth, as there is only one path ahead, now.  Surprisingly, you see a faint light in the distance.  Whatever is going on here, you will figure this out.  You know that a tough fight is likely ahead.", "firstChoice": "Approach the light", "firstChoiceGood": "very bad", "secondChoice": "Approach the light", "secondChoiceGood": "very bad"
    }
  ]
}
