﻿{
  "enemies": [
    {
      "enemy": "Bat",
      "HP": "5",
      "ATK": "2",
      "level": "1"
    },
    {
      "enemy": "Giant Scarab",
      "HP": "8",
      "ATK": "1",
      "level":  "1"
    },
    {
      "enemy": "Cobra",
      "HP": "12",
      "ATK": "3",
      "level": "2"
    },
    {
      "enemy": "Rat Horde",
      "HP": "5",
      "ATK": "6",
      "level": "2"
    },
    {
      "enemy": "Mummified Servant",
      "HP": "25",
      "ATK": "2",
      "level": "3"
    }
  ]
}
