﻿{
  "storySegments": [
    {
      "level": "1",
      "story": "Delving deeper into the darkness, you recall your initial meeting with Sir Campbell.  Were it not for him, you would still be in that tavern in Derbyshire.  As you begin your descent, you are glad for his sponsorship.  This really could be the big one!"
    },
    {
      "level": "2",
      "story": "\"Over There!\" Campbell cries!  You immediately turn your head, readying yourself for unimaginable gold. \"Look at this wondrous specimen!\" Campbell hands you a small brown scarab beetle.  You groan."
    },
    {
      "level": "3",
      "story": "It must be the heat of the suffocating tomb affecting your senses.  You swear you hear a faint, low, ethereal moaning sound coming from ahead of the party.  Surely nobody went in before Campbell and yourself.  As you turn back, you realize that the rest of the party has vanished. \"Hello!?\" you shout, to no avail.  As you turn back towards the tomb, you realize that Campbell has gone as well.  You are alone.  It is deathly quiet."
    },
    {
      "level": "4",
      "story": "As you continue your quiet descent through the silent, ancient labyrinth, you recall the stories of Akhetamun.  Your mind won't let you believe it, but your eyes and ears seem to betray even your mind.  Is this tomb really cursed?  As you think this, you hear a low rumbling sound from the walls around you.  A sound like laughter erupts from all around you.  Smoke is emanating from somewhere ahead.  There's no denying it.  The curse is real.  The pharaoh's tomb lies ahead."
    },
    {
      "level": "Boss 1",
      "story": "You finally approach the legendary pharaoh's tomb.  The smoke is suffocating, but you can faintly make out the hieroglyphs on the wall.  As you step into the room, you realize that you can make out the engravings because they are actually glowing.  A low, pulsating green light surrounds you.  You then realize that you are before the sarcophagus itself.  Akhetamun's resting place slowly slides open, revealing a grotesque humanlike form.  The figure immediately turns to you, and laughs the same low rumbling laugh from earlier."
    },
    {
      "level": "Boss 2",
      "story": "\"Foolish mortal!  There is nothing you can do now!\" You have to act quickly.  You remember from your studies that if the curse were real, its power would only extend to the tomb itself, unless the pharaoh were to escape.  You must escape and seal the tomb before it's too late."
    },
    {
      "level": "Boss 3",
      "story": "As you continue your exhausting run, you begin to notice that the walls are becoming lighter.  You are getting close!  Aketamun is still behind you, and you can sense that he is enraged.  You dare not turn around.  All of your energy has to go to completing your task.  The fate of the world could depend on it."
    },
    {
      "level": "Bad ending",
      "story": "Despite your best efforts, the curse of Akhetamun has overtaken you.  You have died.  Game over."
    },
    {
      "level": "Good ending",
      "story": "As you sprint out the front of the tomb, you spy to your right Campbell and the rest of the party!  They made it out!  You shout for their assistance as you begin to push the huge stone in front of the tomb entrance.  The rest of the party rushes to your side as you see Aketamun from just the other side of the entrance.  With your combined effort, you re-seal the tomb, and all of you hear the ear-splitting scream of the ancient pharaoh as he was trapped.  As is the nature of these curses, with the tomb re-sealed, Aketamun decomposed, returned to his mortal state.  You look to Campbell \"What did you find down there?\" he cried.  You chuckle to yourself.  He and the others must've gotten lost before even getting close. \"Something a little more interesting than scarabs\" you reply.  \"I think we've made that big discovery you were hoping for, Your Excellency.\"  You Win!"
    }
  ]
}
